id,name,stem_key,base_cost_per_lb,unit,notes,default_yield_placeholder
巴西豬扒,巴西豬扒(原件),巴西豬扒,10.5,磅,company-quote-2025-10,0.85
巴西肉眼,巴西肉眼(原件),巴西肉眼,12.6,磅,company-quote-2025-10 merged_from=2 parents | chosen_cost=12.6 | prefer_原件抄碼_then_non代切_name | merge_key=巴西肉眼|磅,0.85
巴西腩排,巴西腩排(原件),巴西腩排,10.3,磅,company-quote-2025-10,0.85
巴西肋排,巴西肋排(原件)(抄碼),巴西肋排,14.2,磅,company-quote-2025-10,0.85
金沙骨,金沙骨(一字排) (5磅 / 包),金沙骨,14.2,磅,company-quote-2025-10,0.85
豬仔肋骨,豬仔肋骨(燒排骨),豬仔肋骨,12.7,磅,company-quote-2025-10,0.85
豬仔脾,豬仔脾(豬串骨),豬仔脾,26,磅,company-quote-2025-10,0.85
a級有皮挑骨豬腩,A級有皮挑骨豬腩(抄碼),A級有皮挑骨豬腩,14.8,磅,company-quote-2025-10,0.85
a級去皮挑骨豬腩,A級去皮挑骨豬腩(抄碼),A級去皮挑骨豬腩,17.8,磅,company-quote-2025-10,0.85
荷蘭豬軟骨,荷蘭豬軟骨(10K),荷蘭豬軟骨,13.8,磅,company-quote-2025-10,0.85
豬軟骨,豬軟骨,豬軟骨,13.8,磅,company-quote-2025-10 inferred_parent_from_cut_row,0.85
巴西梅肉,巴西梅肉,巴西梅肉,13,磅,company-quote-2025-10,0.85
肥標,肥標,肥標,6.5,磅,company-quote-2025-10,0.85
免治豬肉,免治豬肉(5磅 / 包),免治豬肉,11.2,磅,company-quote-2025-10,0.85
巴西赤肉,巴西赤肉,巴西赤肉,11.5,磅,company-quote-2025-10,0.85
豬面肉,豬面肉(豬頸肉),豬面肉,16.5,磅,company-quote-2025-10 merged_from=2 parents | chosen_cost=16.5 | prefer_原件抄碼_then_non代切_name | merge_key=豬面肉|磅,0.85
巴西豬手,巴西豬手,巴西豬手,5.5,磅,company-quote-2025-10,0.85
日本豬手,日本豬手,日本豬手,7,磅,company-quote-2025-10,0.85
咸豬手,咸豬手(2.5P)(15KG / 箱),咸豬手,11.5,磅,company-quote-2025-10,0.85
豬湯骨,豬湯骨(切) (5磅 / 包),豬湯骨,4.5,磅,company-quote-2025-10,0.85
豬筒骨,豬筒骨(切) (5磅 / 包),豬筒骨,4,磅,company-quote-2025-10,0.85
豬頸骨,豬頸骨,豬頸骨,5,磅,company-quote-2025-10,0.85
熟大腸,熟大腸,熟大腸,13,磅,company-quote-2025-10,0.85
巴西豬肚,巴西豬肚,巴西豬肚,10.2,磅,company-quote-2025-10,0.85
豬利,豬利,豬利,11,磅,company-quote-2025-10,0.85
豬耳,豬耳,豬耳,17,磅,company-quote-2025-10,0.85
豬皮,豬皮(已發) (10斤 / 袋),豬皮,15,磅,company-quote-2025-10,0.85
黑豚法式豬鞍,黑豚法式豬鞍,黑豚法式豬鞍,58,磅,company-quote-2025-10,0.85
西班牙黑豚梅肉,西班牙黑豚梅肉(代切刨片+$3),西班牙黑豚梅肉,64,磅,company-quote-2025-10,0.85
batalle-duroc-黑豚去皮挑骨豬腩,Batalle Duroc 黑豚去皮挑骨豬腩 (代切刨片+$ 2),Batalle Duroc 黑豚去皮挑骨豬腩,39,磅,company-quote-2025-10,0.85
西班牙黑豚豬肋,西班牙黑豚豬肋條,西班牙黑豚豬肋,68,磅,company-quote-2025-10,0.85
巴西牛腩,巴西牛腩,巴西牛腩,14.8,磅,company-quote-2025-10,0.85
牛肋,牛肋條,牛肋,32,磅,company-quote-2025-10 inferred_parent_from_cut_row,0.85
阿根廷牛根,阿根廷牛根,阿根廷牛根,12.8,磅,company-quote-2025-10,0.85
巴西-牛根,巴西(粗)牛根 (抄碼),巴西 牛根,15.8,磅,company-quote-2025-10,0.85
美國安格斯原條肉眼,美國安格斯原條肉眼 (代切+$2 up),美國安格斯原條肉眼,110,磅,company-quote-2025-10,0.85
美國安格斯西冷,美國安格斯西冷(代切+$2 up),美國安格斯西冷,95,磅,company-quote-2025-10,0.85
巴西西冷,巴西西冷(原條),巴西西冷,26.5,磅,company-quote-2025-10,0.85
美國斧頭扒0-87-0-0-磅-0-0-磅金錢展,美國斧頭扒0.87 $0.0 / 磅$0.0 / 磅金錢展,美國斧頭扒0.87 $0.0 / 磅$0.0 / 磅金錢展,23,磅,company-quote-2025-10 inferred_parent_from_cut_row,0.85
巴西3-4牛柳,巴西3 / 4牛柳,巴西3 / 4牛柳,45,磅,company-quote-2025-10,0.85
巴西牛柳頭,巴西牛柳頭 (原件),巴西牛柳頭,26.8,磅,company-quote-2025-10,0.85
切牛柳頭絲-切,切牛柳頭絲 / 切粒,切牛柳頭絲 / 切,26.8,磅,company-quote-2025-10,0.85
切牛柳頭扒-絲-切,切牛柳頭扒 / 絲 / 切粒,切牛柳頭扒 / 絲 / 切,26.8,磅,company-quote-2025-10,0.85
美國prime牛小排,美國Prime牛小排,美國Prime牛小排,128,磅,company-quote-2025-10,0.85
美國安格斯牛小排,美國安格斯牛小排 CAB,美國安格斯牛小排,118,磅,company-quote-2025-10 merged_from=2 parents | chosen_cost=118 | prefer_原件抄碼_then_non代切_name | merge_key=美國安格斯牛小排|磅,0.85
巴西牛冧,巴西牛冧(原件) (抄碼),巴西牛冧,27,磅,company-quote-2025-10,0.85
美國cab三支牛仔骨,美國CAB三支牛仔骨,美國CAB三支牛仔骨,56.3,磅,company-quote-2025-10 inferred_parent_from_cut_row,0.85
精選牛仔骨片0-87-0-0-磅-0-0-磅巴西牛利,精選牛仔骨片0.87 $0.0 / 磅$0.0 / 磅巴西牛利,精選牛仔骨片0.87 $0.0 / 磅$0.0 / 磅巴西牛利,10.6,磅,company-quote-2025-10,0.85
咸牛利,咸牛利,咸牛利,18,磅,company-quote-2025-10,0.85
熟咸牛利,熟咸牛利,熟咸牛利,41,磅,company-quote-2025-10,0.85
墨西哥sukarne雙片肥牛,墨西哥Sukarne雙片肥牛,墨西哥Sukarne雙片肥牛,23,磅,company-quote-2025-10 inferred_parent_from_cut_row,0.85
墨西哥雙片肥牛,墨西哥雙片肥牛片(5磅裝),墨西哥雙片肥牛,23,磅,company-quote-2025-10 inferred_parent_from_cut_row,0.85
美國s-p肥牛,美國S.P肥牛 (原件),美國S.P肥牛,30.2,磅,company-quote-2025-10 merged_from=2 parents | chosen_cost=30.2 | prefer_原件抄碼_then_non代切_name | merge_key=美國S.P肥牛|磅,0.85
美國肩胛三角肥牛,美國肩胛三角肥牛片,美國肩胛三角肥牛,57,磅,company-quote-2025-10 merged_from=2 parents | chosen_cost=57 | prefer_原件抄碼_then_non代切_name | merge_key=美國肩胛三角肥牛|磅,0.85
美國牛板健,美國牛板健(肩胛牛柳),美國牛板健,41,磅,company-quote-2025-10 merged_from=2 parents | chosen_cost=41 | prefer_原件抄碼_then_non代切_name | merge_key=美國牛板健|磅,0.85
美國下肩胛肉眼,美國下肩胛肉眼,美國下肩胛肉眼,48,磅,company-quote-2025-10 merged_from=2 parents | chosen_cost=48 | prefer_原件抄碼_then_non代切_name | merge_key=美國下肩胛肉眼|磅,0.85
安格斯一口牛,安格斯一口牛粒(5磅裝),安格斯一口牛,48,磅,company-quote-2025-10,0.85
美國下肩胛板翼,美國下肩胛板翼,美國下肩胛板翼,68.5,磅,company-quote-2025-10 merged_from=2 parents | chosen_cost=68.5 | prefer_原件抄碼_then_non代切_name | merge_key=美國下肩胛板翼|磅,0.85
巴西牛尾,巴西牛尾,巴西牛尾,14.5,磅,company-quote-2025-10 merged_from=2 parents | chosen_cost=14.5 | prefer_原件抄碼_then_non代切_name | merge_key=巴西牛尾|磅,0.85
牛柏葉,牛柏葉 (已發),牛柏葉,24,磅,company-quote-2025-10,0.85
澳洲金錢肚,澳洲金錢肚,澳洲金錢肚,25,磅,company-quote-2025-10,0.85
草肚,草肚 (抄碼),草肚,9.2,磅,company-quote-2025-10,0.85
免治牛肉,免治牛肉,免治牛肉,15.2,磅,company-quote-2025-10,0.85
芝士碎,芝士碎 (2kg / 包),芝士碎,126,包,company-quote-2025-10,0.85
馬蘇里拉芝士碎,馬蘇里拉芝士碎 (2kg / 包),馬蘇里拉芝士碎,135,包,company-quote-2025-10,0.85
芝士,芝士片(12片),芝士,13.5,包,company-quote-2025-10,0.85
牛油磚,牛油磚,牛油磚,21,磚,company-quote-2025-10,0.85
romi牛油,Romi牛油粒 (7gx400粒 / 箱),Romi牛油,270,箱,company-quote-2025-10,0.85
中國雞扒300,中國雞扒300+ (15KG),中國雞扒300+,7.5,磅,company-quote-2025-10,0.85
巴西雞扒,巴西雞扒(15KG),巴西雞扒,7.5,磅,company-quote-2025-10,0.85
有皮雞脾肉,有皮雞絲 / 球(5磅 / 包),有皮雞脾肉,7.4,磅,company-quote-2025-10 merged_from=2 parents | chosen_cost=7.4 | prefer_原件抄碼_then_non代切_name | merge_key=有皮雞脾肉|磅,0.85
去皮上脾肉,去皮上脾肉(2KG X 6餅),去皮上脾肉,7.9,磅,company-quote-2025-10 merged_from=2 parents | chosen_cost=7.9 | prefer_原件抄碼_then_non代切_name | merge_key=去皮上脾肉|磅,0.85
300-大白脾,300+大白脾(30磅),300+大白脾,6.4,磅,company-quote-2025-10,0.85
雞脾,雞脾,雞脾,6.4,磅,company-quote-2025-10 inferred_parent_from_cut_row,0.85
220-240美國雞脾,220 / 240美國雞脾(30LB),220 / 240美國雞脾,8.3,磅,company-quote-2025-10,0.85
240-260美國雞脾,240 / 260美國雞脾(30LB),240 / 260美國雞脾,8.3,磅,company-quote-2025-10,0.85
260-280中國雞脾,260 / 280中國雞脾(15KG),260 / 280中國雞脾,7.6,磅,company-quote-2025-10,0.85
泰式去骨仙爪,泰式去骨仙爪(16K) (2KG / 餅),泰式去骨仙爪,60,餅,company-quote-2025-10,0.85
炸鳳爪,炸鳳爪(10斤 / 包),炸鳳爪,11.5,磅,company-quote-2025-10,0.85
煲湯雞腳,煲湯雞腳,煲湯雞腳,5.4,磅,company-quote-2025-10,0.85
雞軟骨,雞軟骨粒(2KG X 8餅),雞軟骨,78,餅,company-quote-2025-10,0.85
去皮大胸肉,去皮大胸肉(2KG X 6餅),去皮大胸肉,25,餅,company-quote-2025-10,0.85
小胸肉,小胸肉(IQF) (1K X 10包),小胸肉,13.3,包,company-quote-2025-10,0.85
皇室農場無激素雞胸,皇室農場無激素雞胸(1K X 10包),皇室農場無激素雞胸,44,包,company-quote-2025-10,0.85
巴西雞全翼100,巴西雞全翼100+ (15K),巴西雞全翼100+,9.5,磅,company-quote-2025-10,0.85
雞中翼35g,雞中翼35g+,雞中翼35g+,12.8,磅,company-quote-2025-10,0.85
巴西雞中翼40g,巴西雞中翼40g+ (15K),巴西雞中翼40g+,14.2,磅,company-quote-2025-10,0.85
中國雞中翼50g,中國雞中翼50g+ (1K X 10包),中國雞中翼50g+,20.5,磅,company-quote-2025-10,0.85
雞翼鎚12kg,雞翼鎚12KG,雞翼鎚12KG,7.2,磅,company-quote-2025-10,0.85
雞翼尖18kg,雞翼尖18KG,雞翼尖18KG,5.5,磅,company-quote-2025-10,0.85
竹絲雞,竹絲雞(烏雞)(700G),竹絲雞,29,隻,company-quote-2025-10,0.85
凍三黃雞,凍三黃雞(2斤 / 2.5斤 / 3斤),凍三黃雞,16,斤,company-quote-2025-10,0.85
巴西春雞-900g,巴西春雞 900g+ (9KG),巴西春雞 900g+,8.5,磅,company-quote-2025-10,0.85
巴西春雞-1500g,巴西春雞 1500g+ (12KG),巴西春雞 1500g+,9.8,磅,company-quote-2025-10,0.85
雞殼,雞殼,雞殼,3.2,磅,company-quote-2025-10,0.85
美國大火腎,美國大火腎(10磅 / 包),美國大火腎,9,磅,company-quote-2025-10,0.85
雞子,雞子(1KG / 包),雞子,36,磅,company-quote-2025-10,0.85
米鴨,米鴨(1.6KG X 8隻 / 箱),米鴨,6.6,磅,company-quote-2025-10,0.85
煙鴨胸,煙鴨胸(10KG / 箱),煙鴨胸,11,磅,company-quote-2025-10,0.85
黑椒煙鴨胸,黑椒煙鴨胸(10KG / 箱),黑椒煙鴨胸,11.5,磅,company-quote-2025-10,0.85
生鴨胸,生鴨胸(10KG / 箱),生鴨胸,7.5,磅,company-quote-2025-10,0.85
炸鴨腳,炸鴨腳(10斤 / 袋),炸鴨腳,12.5,磅,company-quote-2025-10,0.85
220-240鴨脾,220 / 240鴨脾(10KG),220 / 240鴨脾,7.3,磅,company-quote-2025-10,0.85
鴨利,鴨利(1kg / 包),鴨利,95,KG,company-quote-2025-10,0.85
中國鵝肝,中國鵝肝(700~800g),中國鵝肝,290,KG,company-quote-2025-10,0.85
熟鵝腸,熟鵝腸(2.5KG * 6餅),熟鵝腸,137.5,餅,company-quote-2025-10,0.85
波蘭鵝腳,波蘭鵝腳(15KG),波蘭鵝腳,34,磅,company-quote-2025-10,0.85
紐西蘭羊卷肉,紐西蘭羊卷肉(網裝),紐西蘭羊卷肉,45,磅,company-quote-2025-10,0.85
中國羊卷肉,中國羊卷肉(柱裝),中國羊卷肉,31,磅,company-quote-2025-10,0.85
羊肉,羊肉片(代切),羊肉,31,磅,company-quote-2025-10,0.85
紐西蘭7支骨羊骨扒,紐西蘭7支骨羊骨扒(特級),紐西蘭7支骨羊骨扒,61,磅,company-quote-2025-10 merged_from=2 parents | chosen_cost=61 | prefer_原件抄碼_then_non代切_name | merge_key=紐西蘭7支骨羊骨扒|磅,0.85
淨羊腩,淨羊腩(原件),淨羊腩,34.5,磅,company-quote-2025-10,0.85
1-2kg紐西蘭青衣柳,1-2KG紐西蘭青衣柳(10KG),1-2KG紐西蘭青衣柳,37,磅,company-quote-2025-10,0.85
120-170越南魚柳m,120 / 170越南魚柳M(榮希),120 / 170越南魚柳M,7.5,磅,company-quote-2025-10 merged_from=2 parents | chosen_cost=7.5 | prefer_原件抄碼_then_non代切_name | merge_key=120 / 170越南魚柳M|磅,0.85
170-220越南魚柳l,170 / 220越南魚柳L,170 / 220越南魚柳L,7.2,磅,company-quote-2025-10,0.85
220-越南魚柳-xxl,220+越南魚柳 XXL (IQF),220+越南魚柳 XXL,7.2,磅,company-quote-2025-10,0.85
特選45頭蒲燒鰻魚,特選45頭蒲燒鰻魚(5kg / 盒),特選45頭蒲燒鰻魚,168,KG,company-quote-2025-10,0.85
特選100頭蒲燒鰻魚,特選100頭蒲燒鰻魚(5kg / 盒),特選100頭蒲燒鰻魚,168,KG,company-quote-2025-10,0.85
60頭蒲燒鰻魚,60頭蒲燒鰻魚(5kg / 盒),60頭蒲燒鰻魚,168,KG,company-quote-2025-10,0.85
蒲燒鰻魚,蒲燒鰻魚(500g),蒲燒鰻魚,96,條,company-quote-2025-10,0.85
蒲燒鰻魚-2,蒲燒鰻魚(300g),蒲燒鰻魚,64,條,company-quote-2025-10,0.85
蒲燒鰻魚碎肉,蒲燒鰻魚碎肉,蒲燒鰻魚碎肉,28,包,company-quote-2025-10,0.85
180紐西蘭魷魚頭,180紐西蘭魷魚頭(10KG),180紐西蘭魷魚頭,17.5,磅,company-quote-2025-10,0.85
u5魷魚筒,U5魷魚筒(10KG),U5魷魚筒,14.8,磅,company-quote-2025-10,0.85
21-25去皮鮮魷,21 / 25去皮鮮魷(16KG),21 / 25去皮鮮魷,15,磅,company-quote-2025-10,0.85
xl墨魚咀,XL墨魚咀(IQF),XL墨魚咀,18.5,磅,company-quote-2025-10,0.85
海鮮什錦,海鮮什錦(1kg / 包),海鮮什錦,24.5,KG,company-quote-2025-10,0.85
60魷魚翼,60魷魚翼(10KG),60魷魚翼,14.5,磅,company-quote-2025-10,0.85
水魷,水魷,水魷,28,磅,company-quote-2025-10,0.85
銀鱈魚,銀鱈魚(1級)(5~7磅) (代切+$1 / 磅),銀鱈魚,78,磅,company-quote-2025-10,0.85
鯖魚柳,鯖魚柳(70頭) (10KG),鯖魚柳,47,KG,company-quote-2025-10,0.85
煙三文魚,煙三文魚(1kg*10包),煙三文魚,118,KG,company-quote-2025-10,0.85
煙三文魚-2,煙三文魚(超市裝500G / 包),煙三文魚,72,包,company-quote-2025-10,0.85
急凍原條三文魚,急凍原條三文魚,急凍原條三文魚,34,磅,company-quote-2025-10,0.85
原條代切三文魚扒,原條代切三文魚扒,原條代切三文魚扒,34,磅,company-quote-2025-10,0.85
多春魚,多春魚,多春魚,17,磅,company-quote-2025-10,0.85
比目魚,比目魚(代切+$1 / 磅),比目魚,43,磅,company-quote-2025-10,0.85
白飯魚,白飯魚(銀魚) (1KG x 20盒),白飯魚,46.8,KG,company-quote-2025-10,0.85
1-2墨魚頭,1 / 2墨魚頭(12KG),1 / 2墨魚頭,21,磅,company-quote-2025-10,0.85
40-60墨魚仔,40 / 60墨魚仔(4.5磅 / 包),40 / 60墨魚仔,17.5,磅,company-quote-2025-10,0.85
100-200南美白蝦,100 / 200南美白蝦(1.8KG / 餅),100 / 200南美白蝦,14.5,磅,company-quote-2025-10,0.85
91-120南美白蝦,91 / 120南美白蝦(1.8KG / 餅),91 / 120南美白蝦,16,磅,company-quote-2025-10,0.85
71-90南美白蝦,71 / 90南美白蝦(1.8KG / 餅),71 / 90南美白蝦,17,磅,company-quote-2025-10,0.85
51-60南美白蝦,51 / 60南美白蝦 (1.8KG / 餅),51 / 60南美白蝦,19,磅,company-quote-2025-10,0.85
41-50南美白蝦,41 / 50南美白蝦(1.8KG / 餅),41 / 50南美白蝦,22,磅,company-quote-2025-10,0.85
31-40南美白蝦,31 / 40南美白蝦(1.8KG / 餅),31 / 40南美白蝦,23.5,磅,company-quote-2025-10,0.85
26-30南美白蝦,26 / 30南美白蝦(1.8KG / 餅),26 / 30南美白蝦,24.5,磅,company-quote-2025-10,0.85
21-25南美白蝦,21 / 25南美白蝦(1.8KG / 餅),21 / 25南美白蝦,30,磅,company-quote-2025-10,0.85
16-20越南蝦肉,16 / 20越南蝦肉(1.8KG / 餅),16 / 20越南蝦肉,39,磅,company-quote-2025-10,0.85
越南6-8原隻虎蝦,越南6 / 8原隻虎蝦(1kg / 盒),越南6 / 8原隻虎蝦,138,KG,company-quote-2025-10,0.85
越南8-10原隻虎蝦,越南8 / 10原隻虎蝦(1kg / 盒),越南8 / 10原隻虎蝦,118,KG,company-quote-2025-10,0.85
越南10-12原隻虎蝦,越南10 / 12原隻虎蝦(1kg / 盒),越南10 / 12原隻虎蝦,94,KG,company-quote-2025-10,0.85
越南13-15原隻虎蝦,越南13 / 15原隻虎蝦(1kg / 盒),越南13 / 15原隻虎蝦,83,KG,company-quote-2025-10,0.85
越南16-20原隻虎蝦,越南16 / 20原隻虎蝦(1kg / 盒),越南16 / 20原隻虎蝦,74,KG,company-quote-2025-10,0.85
越南21-25原隻虎蝦,越南21 / 25原隻虎蝦(1kg / 盒),越南21 / 25原隻虎蝦,70,KG,company-quote-2025-10,0.85
越南31-40單凍鳳尾蝦,越南31 / 40單凍鳳尾蝦(1kg),越南31 / 40單凍鳳尾蝦,63,KG,company-quote-2025-10,0.85
120-150軟殼蟹,120-150軟殼蟹(小冰)(1kg / 盒),120-150軟殼蟹,82,KG,company-quote-2025-10,0.85
圓心白蟹肉-2kg,圓心白蟹肉(餅裝)2kg,圓心白蟹肉 2kg,106,KG,company-quote-2025-10,0.85
細粒蟹籽,細粒蟹籽(多春魚籽)(1kg / 盒),細粒蟹籽,126,KG,company-quote-2025-10,0.85
雪場蟹棒,雪場蟹棒 (500g / 包),雪場蟹棒,32,包,company-quote-2025-10,0.85
大蟹柳,大蟹柳(32條),大蟹柳,13.5,包,company-quote-2025-10,0.85
日本凍廣島蠔2l,"日本凍廣島蠔2L (21-30 / 隻,1Kg / 包)",日本凍廣島蠔2L,118,KG,company-quote-2025-10,0.85
半殼青口m,半殼青口M (1kg / 包),半殼青口M,68.5,KG,company-quote-2025-10,0.85
半殼青口l,半殼青口L (1kg / 包),半殼青口L,68.5,KG,company-quote-2025-10,0.85
青口肉,青口肉(1kg / 包),青口肉,82,KG,company-quote-2025-10,0.85
智利藍青口,智利藍青口 (1LB / 包),智利藍青口,12.5,磅,company-quote-2025-10,0.85
20-30熟食用帶子,20 / 30熟食用帶子(IQF) (1kg / 盒),20 / 30熟食用帶子,146,KG,company-quote-2025-10,0.85
60-80珍珠帶子肉,60 / 80珍珠帶子肉(IQF) (1kg / 包),60 / 80珍珠帶子肉,40,KG,company-quote-2025-10,0.85
80-100珍珠帶子肉,80 / 100珍珠帶子肉(IQF) (1kg / 包),80 / 100珍珠帶子肉,37,KG,company-quote-2025-10,0.85
200-300黃蜆肉,200-300黃蜆肉(1kg / 包),200-300黃蜆肉,25.5,KG,company-quote-2025-10,0.85
21-25日本熟帆立貝l,21 / 25日本熟帆立貝L (1kg / 包),21 / 25日本熟帆立貝L,129,KG,company-quote-2025-10,0.85
60-80北海道熟帆立貝,60 / 80北海道熟帆立貝(1kg / 包),60 / 80北海道熟帆立貝,67,KG,company-quote-2025-10,0.85
半殼扇貝-10-12cm,半殼扇貝 10~12cm (1KG / 包),半殼扇貝 10~12cm,49,KG,company-quote-2025-10,0.85
美雪-煎餃子,【美雪】煎餃子 (50隻 / 包),【美雪】煎餃子,35,包,company-quote-2025-10,0.85
雞軟骨餃子,雞軟骨餃子,雞軟骨餃子,39,包,company-quote-2025-10,0.85
手羽芝士豚肉餃子,手羽芝士豚肉餃子(10隻x10包),手羽芝士豚肉餃子,41,包,company-quote-2025-10,0.85
白菜豬肉水餃子,"白菜豬肉水餃子 (20g / 隻,10隻 / 盒)",白菜豬肉水餃子,16.2,小盒,company-quote-2025-10,0.85
冬菇雞肉水餃,"冬菇雞肉水餃 (20g / 隻,10隻 / 盒)",冬菇雞肉水餃,16.2,小盒,company-quote-2025-10,0.85
韭菜豬肉水餃,"韭菜豬肉水餃 (20g / 隻,10隻 / 盒)",韭菜豬肉水餃,16.2,小盒,company-quote-2025-10,0.85
鳳城水餃,"鳳城水餃 (17g / 隻,12隻 / 盒)",鳳城水餃,27.5,小盒,company-quote-2025-10,0.85
廣東鮮蝦雲吞,"廣東鮮蝦雲吞 (17g / 隻,12隻 / 盒)",廣東鮮蝦雲吞,27.5,小盒,company-quote-2025-10,0.85
麻辣雲吞,"麻辣雲吞 (17g / 隻,12隻 / 盒)",麻辣雲吞,28.9,小盒,company-quote-2025-10,0.85
蝦皇雲吞,"蝦皇雲吞 (28g / 隻,10隻 / 盒)",蝦皇雲吞,29.3,小盒,company-quote-2025-10,0.85
美樂-火腿,【美樂】火腿片,【美樂】火腿,13,包,company-quote-2025-10,0.85
大利-火腿,【大利】火腿片(1磅裝),【大利】火腿,14.5,包,company-quote-2025-10,0.85
北歐-火腿,【北歐】火腿片(2磅裝),【北歐】火腿,29,包,company-quote-2025-10,0.85
越南扎肉,越南扎肉 (28條 / 箱),越南扎肉,39,條,company-quote-2025-10,0.85
維京-2磅煙肉,【維京】2磅煙肉片(包裝),【維京】2磅煙肉,40,包,company-quote-2025-10,0.85
大利-2磅煙肉,【大利】2磅煙肉片(包裝),【大利】2磅煙肉,36.7,包,company-quote-2025-10,0.85
豬柳漢堡扒-1-5安士,豬柳漢堡扒(散裝)1.5安士,豬柳漢堡扒 1.5安士,27,磅,company-quote-2025-10,0.85
鍾意食-豬柳漢堡扒,鍾意食-豬柳漢堡扒(包裝)(6塊 / 包),鍾意食-豬柳漢堡扒,20,包,company-quote-2025-10,0.85
奧利茗-法蘭克福腸,【奧利茗】法蘭克福腸(1kg包),【奧利茗】法蘭克福腸,36,包,company-quote-2025-10,0.85
金妹-司華力腸,【金妹】司華力腸(8條 / 包),【金妹】司華力腸,59,包,company-quote-2025-10,0.85
金妹-芝士脆皮腸,【金妹】芝士脆皮腸(2磅裝),【金妹】芝士脆皮腸,57.2,包,company-quote-2025-10,0.85
紅腸,紅腸,紅腸,12,磅,company-quote-2025-10,0.85
廚師牌雞肉腸,廚師牌雞肉腸,廚師牌雞肉腸,13.8,包,company-quote-2025-10,0.85
寶雕牌雞肉腸,寶雕牌雞肉腸,寶雕牌雞肉腸,11.2,包,company-quote-2025-10,0.85
4式混合腸,4式混合腸 (454G),4式混合腸,47,包,company-quote-2025-10,0.85
蜜味台灣腸,蜜味台灣腸(1kg / 包),蜜味台灣腸,54,包,company-quote-2025-10,0.85
紐倫堡腸,紐倫堡腸 (30g),紐倫堡腸,64,KG,company-quote-2025-10,0.85
意式風味比薩腸,意式風味比薩腸,意式風味比薩腸,72,KG,company-quote-2025-10,0.85
莎樂滋味腸,莎樂滋味腸,莎樂滋味腸,64,KG,company-quote-2025-10,0.85
西班牙式辣肉腸,西班牙式辣肉腸 (60g),西班牙式辣肉腸,64,KG,company-quote-2025-10,0.85
四海-牛肉丸,【四海】牛肉丸(3斤 / 包),【四海】牛肉丸,23.8,磅,company-quote-2025-10,0.85
四海-牛筋丸,【四海】牛筋丸(3斤 / 包),【四海】牛筋丸,24.1,磅,company-quote-2025-10,0.85
四海-炸魚蛋,【四海】炸魚蛋(大) (3斤 / 包),【四海】炸魚蛋,13,磅,company-quote-2025-10,0.85
四海-炸魚旦,【四海】炸魚旦(細) (3斤 / 包),【四海】炸魚旦,13,磅,company-quote-2025-10,0.85
四海-台式貢丸,【四海】台式貢丸(3斤 / 包),【四海】台式貢丸,26.5,磅,company-quote-2025-10,0.85
四海-魚皮餃,【四海】魚皮餃(1斤 / 盒),【四海】魚皮餃,51,磅,company-quote-2025-10,0.85
四海-炸魚,【四海】炸魚條(3斤 / 包),【四海】炸魚,15,磅,company-quote-2025-10,0.85
四海-黃金魚片頭,【四海】黃金魚片頭(1斤 / 包),【四海】黃金魚片頭,31,包,company-quote-2025-10,0.85
四海-順德魚腐,【四海】順德魚腐(3斤 / 包),【四海】順德魚腐,22.5,磅,company-quote-2025-10,0.85
四海-魚肉春卷,【四海】魚肉春卷,【四海】魚肉春卷,21,磅,company-quote-2025-10,0.85
四海-墨魚丸,【四海】墨魚丸(3斤 / 包),【四海】墨魚丸,26.6,磅,company-quote-2025-10,0.85
四海-炸蝦卷,【四海】炸蝦卷(3斤 / 包),【四海】炸蝦卷,18,磅,company-quote-2025-10,0.85
ecd長洲特大魚蛋,ECD長洲特大魚蛋,ECD長洲特大魚蛋,21,磅,company-quote-2025-10,0.85
潮汕地道牛肉丸250g,潮汕地道牛肉丸250G,潮汕地道牛肉丸250G,15,包,company-quote-2025-10,0.85
新永興-特級墨丸皇,【新永興】特級墨丸皇,【新永興】特級墨丸皇,40,磅,company-quote-2025-10,0.85
白魚蛋,白魚蛋 (青木牌)(3K / 4包),白魚蛋,10.8,磅,company-quote-2025-10,0.85
新永興-魚肉燒賣3斤-包,【新永興】魚肉燒賣3斤 / 包,【新永興】魚肉燒賣3斤 / 包,11.5,磅,company-quote-2025-10,0.85
獅子狗,獅子狗(3kg / 包),獅子狗,15.2,磅,company-quote-2025-10,0.85
鳴門卷,鳴門卷(50條 / 箱),鳴門卷,8,條,company-quote-2025-10,0.85
花枝丸,花枝丸(特級),花枝丸,22,磅,company-quote-2025-10,0.85
龍蝦丸3kg-包,龍蝦丸3KG / 包,龍蝦丸3KG / 包,18.9,磅,company-quote-2025-10,0.85
包心芝士丸3kg-包,包心芝士丸3KG / 包,包心芝士丸3KG / 包,19.7,磅,company-quote-2025-10,0.85
蟹子蟹粉包3kg-包,蟹子蟹粉包3KG / 包,蟹子蟹粉包3KG / 包,19.3,磅,company-quote-2025-10,0.85
海膽包3kg-包,海膽包3KG / 包,海膽包3KG / 包,19.3,磅,company-quote-2025-10,0.85
福茂-貢丸,【福茂】貢丸(特級) (3kg / 包),【福茂】貢丸,25.8,磅,company-quote-2025-10,0.85
韓國-韓牛牛肉丸,【韓國】韓牛牛肉丸(香港製造),【韓國】韓牛牛肉丸,38.5,小盒,company-quote-2025-10,0.85
韓國-韓牛牛筋丸,【韓國】韓牛牛筋丸(香港製造),【韓國】韓牛牛筋丸,38.5,小盒,company-quote-2025-10,0.85
日本味付四角油揚,日本味付四角油揚 (800g / 20包),日本味付四角油揚,33,包,company-quote-2025-10,0.85
咖哩角,咖哩角 (112塊 / 小盒),咖哩角,27,小盒,company-quote-2025-10,0.85
春卷,春卷 (72塊 / 小盒),春卷,26.5,小盒,company-quote-2025-10,0.85
越南粉絲皮春卷,越南粉絲皮春卷 (12條裝 / 小盒),越南粉絲皮春卷,18.5,小盒,company-quote-2025-10,0.85
麥樂雞,麥樂雞 (2.5kg / 包),麥樂雞,62,包,company-quote-2025-10,0.85
炸方塊魚柳,炸方塊魚柳 (60gx5塊 / 盒),炸方塊魚柳,20.5,小盒,company-quote-2025-10,0.85
香茅魚餅,香茅魚餅 (1kg / 包),香茅魚餅,44,包,company-quote-2025-10,0.85
仿翅,仿翅,仿翅,24,包,company-quote-2025-10,0.85
神字鮑,神字鮑片 (300g / 包),神字鮑,26.5,包,company-quote-2025-10,0.85
炭燒雞肉串,炭燒雞肉串 (50串),炭燒雞肉串,65,小盒,company-quote-2025-10,0.85
生雞膝軟骨串,生雞膝軟骨串 (50串),生雞膝軟骨串,120,小盒,company-quote-2025-10,0.85
生雞腎串,生雞腎串 (50串),生雞腎串,68,小盒,company-quote-2025-10,0.85
生雞皮串,生雞皮串 (50串),生雞皮串,43,小盒,company-quote-2025-10,0.85
台灣眷村蔥油餅,台灣眷村蔥油餅(10塊 / 10包),台灣眷村蔥油餅,41,包,company-quote-2025-10,0.85
台灣蔥抓餅,台灣蔥抓餅(5個 / 20包),台灣蔥抓餅,17.2,包,company-quote-2025-10,0.85
宜蘭蔥肉餡餅,宜蘭蔥肉餡餅(30個 / 15包),宜蘭蔥肉餡餅,43,包,company-quote-2025-10,0.85
台灣多汁小籠包,台灣多汁小籠包(28g / 20粒 / 24包),台灣多汁小籠包,40,包,company-quote-2025-10,0.85
中華沙律,中華沙律(2KG / 包),中華沙律,61,小盒,company-quote-2025-10,0.85
芝麻八爪魚,芝麻八爪魚(2KG / 包),芝麻八爪魚,115,小盒,company-quote-2025-10,0.85
味付螺肉,味付螺肉(2KG / 包),味付螺肉,95,小盒,company-quote-2025-10,0.85
迷你燒甜薯,迷你燒甜薯 (500g / 包),迷你燒甜薯,15,包,company-quote-2025-10,0.85
日本醋鯖魚,日本醋鯖魚(20條 / 4盒),日本醋鯖魚,14,條,company-quote-2025-10,0.85
韓國讚崎烏冬,韓國讚崎烏冬(8包 / 箱),韓國讚崎烏冬,18.3,包,company-quote-2025-10,0.85
稻庭烏冬,稻庭烏冬 (250g x 8包),稻庭烏冬,22.5,包,company-quote-2025-10,0.85
吉列炸蠔,吉列炸蠔(25gx20隻 / 盒),吉列炸蠔,37,小盒,company-quote-2025-10,0.85
唐揚雞塊,唐揚雞塊(1K / 包),唐揚雞塊,43,小盒,company-quote-2025-10,0.85
天婦羅吉列蝦,天婦羅吉列蝦(10隻 / 盒),天婦羅吉列蝦,18,小盒,company-quote-2025-10,0.85
和風炸蟹鉗,和風炸蟹鉗(8隻裝),和風炸蟹鉗,13.5,小盒,company-quote-2025-10,0.85
和風炸帶子,和風炸帶子(10粒),和風炸帶子,8.8,小盒,company-quote-2025-10,0.85
香酥魚手指,香酥魚手指 (300gx10條x12盒),香酥魚手指,24,小盒,company-quote-2025-10,0.85
香酥蝦手指,香酥蝦手指 (12盒 / 箱),香酥蝦手指,26,小盒,company-quote-2025-10,0.85
鹽酥雞,鹽酥雞(3K / 4包),鹽酥雞,143,包,company-quote-2025-10,0.85
曲薯,曲薯條 (1KG / 包),曲薯,25,包,company-quote-2025-10,0.85
粗直薯,粗直薯條 (2KG / 包),粗直薯,50,包,company-quote-2025-10,0.85
三角薯餅,三角薯餅 (32塊 / 5磅 / 包),三角薯餅,50,包,company-quote-2025-10,0.85
比利時橢圓形薯餅,比利時橢圓形薯餅 (1.28Kg / 盒),比利時橢圓形薯餅,37,小盒,company-quote-2025-10,0.85
辣味-薯角,辣味 薯角(5磅 / 包),辣味 薯角,65,包,company-quote-2025-10,0.85
香辣薯格,香辣薯格(4.5磅 / 包),香辣薯格,75,包,company-quote-2025-10,0.85
美國ligo什菜,美國Ligo什菜粒 (1KG / 包),美國Ligo什菜,19.4,包,company-quote-2025-10,0.85
美國ligo青豆,美國Ligo青豆粒 (1KG / 包),美國Ligo青豆,20,包,company-quote-2025-10,0.85
甘筍仔,甘筍仔 (2.5kg / 包),甘筍仔,42,包,company-quote-2025-10,0.85
美國ligo粟米,美國Ligo粟米粒 (1KG / 包),美國Ligo粟米,19.4,包,company-quote-2025-10,0.85
泰國粟米,泰國粟米粒,泰國粟米,15,包,company-quote-2025-10,0.85
韓國辣味泡菜-10k,"韓國辣味泡菜,10K (切斷)","韓國辣味泡菜,10K",138,包,company-quote-2025-10,0.85
韓國魚糕,韓國魚糕片(720g / 包),韓國魚糕,22,包,company-quote-2025-10,0.85
日本忌廉泡芙-12粒裝,日本忌廉泡芙 -12粒裝,日本忌廉泡芙 -12粒裝,12,小盒,company-quote-2025-10,0.85
日本朱古力泡芙-12粒裝,日本朱古力泡芙-12粒裝,日本朱古力泡芙-12粒裝,12,小盒,company-quote-2025-10,0.85
日本抹茶泡芙-12粒裝,日本抹茶泡芙-12粒裝,日本抹茶泡芙-12粒裝,12,小盒,company-quote-2025-10,0.85
日本士多啤梨泡芙-12粒裝,日本士多啤梨泡芙-12粒裝,日本士多啤梨泡芙-12粒裝,12,小盒,company-quote-2025-10,0.85
春卷皮-20塊x40包,春卷皮(8.5吋) - 20塊x40包,春卷皮 - 20塊x40包,10,包,company-quote-2025-10,0.85
新加坡原味香酥餅-30塊x4包,新加坡原味香酥餅(5.5吋)-30塊x4包,新加坡原味香酥餅 -30塊x4包,68,包,company-quote-2025-10,0.85
成本運費到倉成本轉港幣泰式咖喱汁-1kg,成本運費到倉成本轉港幣泰式咖喱汁 1kg,成本運費到倉成本轉港幣泰式咖喱汁 1kg,31.3,包,company-quote-2025-10,0.85
黑椒汁-1kg,黑椒汁 1kg,黑椒汁 1kg,24.8,包,company-quote-2025-10,0.85
燒汁-1kg,燒汁 1kg,燒汁 1kg,28.6,包,company-quote-2025-10,0.85
黄汁-1kg,黄汁 1kg,黄汁 1kg,24.8,包,company-quote-2025-10,0.85
白汁-1kg,白汁 1kg,白汁 1kg,24.8,包,company-quote-2025-10,0.85
意式肉醬-1kg,意式肉醬 1kg,意式肉醬 1kg,32.4,包,company-quote-2025-10,0.85
意大利牛肉醬-1kg,意大利牛肉醬 1kg,意大利牛肉醬 1kg,37.3,包,company-quote-2025-10,0.85
蘑菇濃湯-1kg,蘑菇濃湯 1kg,蘑菇濃湯 1kg,28.1,包,company-quote-2025-10,0.85
羅宋湯-1kg,羅宋湯 1kg,羅宋湯 1kg,25.9,包,company-quote-2025-10,0.85
蕃茄辣味肉醬-1kg,蕃茄辣味肉醬 1kg,蕃茄辣味肉醬 1kg,32.4,包,company-quote-2025-10,0.85
蕃茄湯料醬-1kg,蕃茄湯料醬 1kg,蕃茄湯料醬 1kg,31.3,包,company-quote-2025-10,0.85
奶油菌菇醬-1kg,奶油菌菇醬 1kg,奶油菌菇醬 1kg,35.2,包,company-quote-2025-10,0.85